weather_variable,weather_label,observations,pearson,spearman,interpretation
avg_temp,평균기온,24,0.3735540424187992,0.35130434782608694,다소 약함
max_temp,평균최고기온,24,0.38432050368562004,0.35478260869565215,다소 약함
min_temp,평균최저기온,24,0.3550166016652565,0.38608695652173913,다소 약함
rainfall,월합강수량,24,0.20731058999707216,0.2721739130434782,다소 약함
humidity,평균상대습도,24,0.29879828910404693,0.2817391304347826,다소 약함
wind,평균풍속,24,-0.23626047895196148,-0.1678260869565217,다소 약함
sunshine,합계 일조시간,24,-0.09337602579705476,-0.08695652173913042,약함
snow,최심적설,3,-0.7246105596503151,-0.5,강함
